symbol,name,sector,market_cap,change_pct
MMM,3M,Industrials,90690861635.1796,-1.6407628389723004
AOS,A. O. Smith,Industrials,9380974690.335846,-0.5570410007426533
ABT,Abbott Laboratories,Health Care,217365925196.16812,-0.3192605339260825
ABBV,AbbVie,Health Care,403750195201.95166,-0.779620450885807
ACN,Accenture,Information Technology,168173345494.75793,-1.0426978768781003
ADBE,Adobe Inc.,Information Technology,138569173553.4668,-0.03672045952498555
AMD,Advanced Micro Devices,Information Technology,354866824865.112,0.17462757967142273
AES,AES Corporation,Utilities,9959011157.352676,2.042302933567576
AFL,Aflac,Financials,58756587927.69524,0.7520173220279665
A,Agilent Technologies,Health Care,42285505992.27014,-0.07034418558433876
APD,Air Products,Materials,57797782793.20981,-0.26502877865572383
ABNB,Airbnb,Consumer Discretionary,73529503152.9025,-0.0749157911830922
AKAM,Akamai Technologies,Information Technology,12567074957.522598,-0.7012590365437326
ALB,Albemarle Corporation,Materials,14170194933.197174,-4.818563778669264
ARE,Alexandria Real Estate Equities,Real Estate,8005256680.137978,-4.3370478181222865
ALGN,Align Technology,Health Care,11297362730.79982,0.5516101467993951
ALLE,Allegion,Industrials,14024498765.785263,-0.6187888783771338
LNT,Alliant Energy,Utilities,16915418083.09156,-0.8662202049316602
ALL,Allstate,Financials,55183286773.20732,0.3834738138635413
GOOGL,Alphabet Inc. (Class A),Communication Services,3828581311307.2354,-1.101279441065166
GOOG,Alphabet Inc. (Class C),Communication Services,3825082392414.6465,-1.1789653910746505
MO,Altria,Consumer Staples,97778056053.5422,0.0
AMZN,Amazon,Consumer Discretionary,2432345977771.508,-2.0871013002867635
AMCR,Amcor,Materials,19372910637.121113,-0.7978736895573678
AEE,Ameren,Utilities,27395724762.28601,-0.16261053862457062
AEP,American Electric Power,Utilities,63343329498.81882,0.23716651286385995
AXP,American Express,Financials,258600267362.49512,0.9466724541162793
AIG,American International Group,Financials,43090418854.50577,0.9212392465084408
AMT,American Tower,Real Estate,83123959462.58507,0.7236969055957441
AWK,American Water Works,Utilities,25233380854.927673,-1.2369207468033672
AMP,Ameriprise Financial,Financials,44983564414.07355,1.501782199093723
AME,Ametek,Industrials,46314353214.37866,0.6600755111678986
AMGN,Amgen,Health Care,184957346791.00534,-0.5616357958402197
APH,Amphenol,Information Technology,171104603668.40515,0.8366416972044224
ADI,Analog Devices,Information Technology,136275630540.62543,0.05570686627982989
AON,Aon plc,Financials,74818118996.00455,0.7083763550397814
APA,APA Corporation,Energy,9688857309.50306,0.4823716403947978
APO,Apollo Global Management,Financials,78714010425.75142,0.8252792642019052
AAPL,Apple Inc.,Information Technology,4156348135994.2627,-1.4464140207089937
AMAT,Applied Materials,Information Technology,215045658689.3078,0.4280958476645414
APP,AppLovin,Information Technology,232930898680.33813,3.973059404963239
APTV,Aptiv,Consumer Discretionary,16719598022.759918,-1.6775484953610074
ACGL,Arch Capital Group,Financials,34627378514.50882,0.06470832377464783
ADM,Archer Daniels Midland,Consumer Staples,28699625160.832977,-0.14213893905867941
ANET,Arista Networks,Information Technology,163175010389.3184,1.3908421717100863
AJG,Arthur J. Gallagher & Co.,Financials,63052046057.58667,0.06724538870328466
AIZ,Assurant,Financials,11294285514.353577,0.47002121186478074
T,AT&T,Communication Services,181226515080.81995,0.07899075041363553
ATO,Atmos Energy,Utilities,27730407124.0,0.20450255097719552
ADSK,Autodesk,Information Technology,64924529479.98047,-0.7909102828468242
ADP,Automatic Data Processing,Industrials,106141550531.87366,0.6917176944604299
AZO,AutoZone,Consumer Discretionary,63805492185.05859,0.15151979604922
AVB,AvalonBay Communities,Real Estate,25552058084.0607,-1.1348598006320563
AVY,Avery Dennison,Materials,13601670576.534729,0.21641602069473856
AXON,Axon Enterprise,Industrials,43274501480.92505,0.8922889761780415
BKR,Baker Hughes,Energy,49989964711.550255,0.33669669893834464
BALL,Ball Corporation,Materials,13267258631.25,-0.06149811407868881
BAC,Bank of America,Financials,403641585855.96674,0.748749820954656
BAX,Baxter International,Health Care,9617469867.492142,-0.9581776691774874
BDX,Becton Dickinson,Health Care,55356364680.64819,-0.2273092032637427
BRK.B,Berkshire Hathaway,Financials,100000000.0,0.0
BBY,Best Buy,Consumer Discretionary,15770690961.381035,0.3226747808908175
TECH,Bio-Techne,Health Care,6373149871.826172,-0.1386727937726352
BIIB,Biogen,Health Care,18211000061.035156,0.7524208079400069
BLK,BlackRock,Financials,107969494628.90625,-0.01621017612458097
BX,Blackstone Inc.,Financials,185463809533.44586,-0.2474920732748138
XYZ,"Block, Inc.",Financials,6106000137.329102,-0.081818420162276
BK,BNY Mellon,Financials,11413999938.964844,0.9284667837645076
BA,Boeing,Industrials,19925999450.683594,-1.6194326493647833
BKNG,Booking Holdings,Consumer Discretionary,505681835937.5,0.1903704920513209
BSX,Boston Scientific,Health Care,9780000305.175781,-0.7811673383893069
BMY,Bristol Myers Squibb,Health Care,5165999984.741211,1.3736278954383676
AVGO,Broadcom,Information Technology,38151998901.36719,0.23909085340176275
BR,Broadridge Financial Solutions,Industrials,23127000427.246094,0.3514699014998384
BRO,Brown & Brown,Financials,27189897121.691437,-0.06277846930306225
BF.B,Brown–Forman,Consumer Staples,100000000.0,0.0
BLDR,Builders FirstSource,Industrials,12412670217.25,-1.913668642682475
BG,Bunge Global,Consumer Staples,18955876205.5,-0.5666921086568607
BXP,"BXP, Inc.",Real Estate,12510123666.178162,-0.6043574082277148
CHRW,C.H. Robinson,Industrials,18788535995.962677,-0.2883236018777665
CDNS,Cadence Design Systems,Information Technology,91923139382.6294,0.36744396863093187
CPT,Camden Property Trust,Real Estate,11228084853.893188,-0.4547136591895322
CPB,Campbell's Company (The),Consumer Staples,2937500000.0,-1.5583114953421449
COF,Capital One,Financials,23004499816.89453,1.2343744974366457
CAH,Cardinal Health,Health Care,19955499267.578125,-0.07761956480630064
CCL,Carnival,Consumer Discretionary,2567499923.7060547,-1.4016961045848149
CARR,Carrier Global,Industrials,5461999893.188477,0.0
CAT,Caterpillar Inc.,Industrials,60040997314.453125,1.508053062169615
CBOE,Cboe Global Markets,Financials,25382000732.421875,-0.03150318006633577
CBRE,CBRE Group,Real Estate,48120786706.71825,-0.35740808196794377
CDW,CDW Corporation,Information Technology,18951384526.931305,0.6403211822333652
COR,Cencora,Health Care,65392280070.74,0.5293590735165012
CNC,Centene Corporation,Health Care,3881999969.482422,0.025762229269293342
CNP,CenterPoint Energy,Utilities,3852000045.776367,0.3647717190001438
CF,CF Industries,Materials,8027999877.9296875,1.248578449159357
CRL,Charles River Laboratories,Health Care,18441929626.464844,-0.13575670481542995
SCHW,Charles Schwab Corporation,Financials,9530000305.175781,1.3937708455819118
CHTR,Charter Communications,Communication Services,20133000183.10547,0.685134562506739
CVX,Chevron Corporation,Energy,15174499511.71875,0.10224868595641778
CMG,Chipotle Mexican Grill,Consumer Discretionary,3388499832.1533203,-0.13263183978136714
CB,Chubb Limited,Financials,117787065739.09003,0.13048967346345203
CHD,Church & Dwight,Consumer Staples,20452168518.740845,0.0
CI,Cigna,Health Care,72036083252.66919,-0.24009223009747518
CINF,Cincinnati Financial,Financials,25634785713.124878,0.6755455581630866
CTAS,Cintas,Industrials,74150957148.07037,0.0
CSCO,Cisco,Information Technology,306624706825.17706,-0.1864908592493971
C,Citigroup,Financials,199360034493.12527,1.4758217112319956
CFG,Citizens Financial Group,Financials,24082214845.69359,0.2693992906910288
CLX,Clorox,Consumer Staples,12883567965.009117,0.42788303268183997
CME,CME Group,Financials,98674530449.62341,0.0
CMS,CMS Energy,Utilities,21877547720.107956,-0.4155742368914768
KO,Coca-Cola Company (The),Consumer Staples,303989545538.64514,-0.24713377827541416
CTSH,Cognizant,Information Technology,39144935175.93306,0.0
COIN,Coinbase,Financials,74764137345.38458,0.10111178886315635
CL,Colgate-Palmolive,Consumer Staples,62968486656.44302,0.0
CMCSA,Comcast,Communication Services,101221844632.64601,-0.07291453715331522
CAG,Conagra Brands,Consumer Staples,8117675375.629463,-1.1363618680546002
COP,ConocoPhillips,Energy,115939317017.01167,1.1109947713591475
ED,Consolidated Edison,Utilities,34812238290.11194,0.0
STZ,Constellation Brands,Consumer Staples,24021204876.0,0.0
CEG,Constellation Energy,Utilities,116596010575.73447,0.0
COO,Cooper Companies (The),Health Care,15426306825.713615,1.763617108037865
CPRT,Copart,Industrials,37592965871.89334,-0.025735706372969985
GLW,Corning Inc.,Information Technology,74778974785.70251,0.0
CPAY,Corpay,Financials,21144064483.924805,-0.1533968955903837
CTVA,Corteva,Materials,45058283963.775635,0.0
CSGP,CoStar Group,Real Estate,29036100316.79316,0.0
COST,Costco,Consumer Staples,395528345627.09546,0.0
CTRA,Coterra,Energy,20910034969.085205,0.9020649506989702
CRWD,CrowdStrike,Information Technology,128933227179.26758,-2.0527710697751433
CCI,Crown Castle,Real Estate,38589971540.86647,0.0
CSX,CSX Corporation,Industrials,67533431987.48903,0.0
CMI,Cummins,Industrials,70880234204.95972,1.131327690436936
CVS,CVS Health,Health Care,94997978852.77484,0.0
DHR,Danaher Corporation,Health Care,163030620994.3615,0.0
DRI,Darden Restaurants,Consumer Discretionary,20488056497.487762,0.0
DDOG,Datadog,Information Technology,53528137979.33208,0.0
DVA,DaVita,Health Care,8390524890.899658,0.0
DAY,Dayforce,Industrials,11060816125.873436,0.021706787235393325
DECK,Deckers Brands,Consumer Discretionary,14226870047.431793,0.0
DE,Deere & Company,Industrials,130325801533.15967,0.0
DELL,Dell Technologies,Information Technology,92747153814.59601,3.2328009485729843
DAL,Delta Air Lines,Industrials,44218639446.03369,0.3778409999763736
DVN,Devon Energy,Energy,24074789515.686035,0.663305940857312
DXCM,Dexcom,Health Care,25344993764.493393,-0.3392463005082694
FANG,Diamondback Energy,Energy,46445153959.993225,0.0
DLR,Digital Realty,Real Estate,56358386880.97632,0.0
DG,Dollar General,Consumer Staples,26985109529.14279,0.0
DLTR,Dollar Tree,Consumer Staples,23810186160.36209,3.427207588855895
D,Dominion Energy,Utilities,51328727601.6573,0.0
DPZ,Domino's,Consumer Discretionary,14583268332.248108,-0.49225138131115936
DASH,DoorDash,Consumer Discretionary,95535994823.4326,-0.36767043319447845
DOV,Dover Corporation,Industrials,26234668328.016632,0.5098024906301638
DOW,Dow Inc.,Materials,16532449700.601746,-2.124999889621029
DHI,D. R. Horton,Consumer Discretionary,48087326298.80081,-2.2424223928740528
DTE,DTE Energy,Utilities,27735547171.82965,0.3003522880852201
DUK,Duke Energy,Utilities,92116461504.9679,-0.1406183179687416
DD,DuPont,Materials,16838617696.184952,1.3363559791628654
ETN,Eaton Corporation,Industrials,132272456723.02246,1.2232858655880643
EBAY,eBay Inc.,Consumer Discretionary,37606530418.395996,0.35365965308212655
ECL,Ecolab,Materials,74511132830.14893,-0.6128684596836715
EIX,Edison International,Utilities,22174135129.912933,0.5584636982285491
EW,Edwards Lifesciences,Health Care,50252825216.674805,1.9409349705430707
EA,Electronic Arts,Communication Services,50861582546.09267,0.07381225900729195
ELV,Elevance Health,Health Care,75668919536.33102,1.5993978971797052
EME,Emcor,Industrials,28153698326.03174,2.763067507276348
EMR,Emerson Electric,Industrials,76951641595.45898,1.3640717223042909
ETR,Entergy,Utilities,42129718529.96832,0.1008077492111745
EOG,EOG Resources,Energy,61328708785.96033,0.7308714881164194
EPAM,EPAM Systems,Information Technology,11206218122.02652,0.5999984741210938
EQT,EQT Corporation,Energy,37898029313.8504,-0.6947837988922972
EFX,Equifax,Industrials,26313113234.430847,1.8283703045850714
EQIX,Equinix,Real Estate,71067082057.83948,-1.2064589711987221
EQR,Equity Residential,Real Estate,24322125119.7361,-0.3707875975536739
ERIE,Erie Indemnity,Financials,15727746733.989594,1.5428268647419399
ESS,Essex Property Trust,Real Estate,17857652592.479004,-0.46962861899911323
EL,Estée Lauder Companies (The),Consumer Staples,36994583558.07861,0.0
EG,Everest Group,Financials,13168097116.505493,-0.10826874477351367
EVRG,Evergy,Utilities,17049658942.59375,-0.30960203809274794
ES,Eversource Energy,Utilities,24634920634.683685,-0.4774934600234537
EXC,Exelon,Utilities,44515190797.68416,-1.0215577496678199
EXE,Expand Energy,Energy,29418720173.920143,0.5126513601976925
EXPE,Expedia Group,Consumer Discretionary,32109762650.954987,-1.0955719277835194
EXPD,Expeditors International,Industrials,20448709159.891968,1.7421850866739217
EXR,Extra Space Storage,Real Estate,29049734710.961212,-0.8696378610880242
XOM,ExxonMobil,Energy,500036247113.4992,-0.4329389838864342
FFIV,"F5, Inc.",Information Technology,14143078391.490173,1.0867265849279717
FDS,FactSet,Financials,10521624742.691528,-0.3044979839157109
FICO,Fair Isaac,Information Technology,42644894663.57324,0.8085794647718726
FAST,Fastenal,Industrials,48058843062.683945,1.55701093583535
FRT,Federal Realty Investment Trust,Real Estate,8436885668.709747,-0.6947285699397949
FDX,FedEx,Industrials,65044664172.78598,1.8635525235198045
FIS,Fidelity National Information Services,Financials,34179230452.52729,-0.3502944625425333
FITB,Fifth Third Bancorp,Financials,30008127682.14728,1.0238127784291733
FSLR,First Solar,Information Technology,27673698054.386597,0.7146829287245425
FE,FirstEnergy,Utilities,26243346339.939537,0.4532430535694662
FISV,Fiserv,Financials,35697219906.34481,0.0
F,Ford Motor Company,Consumer Discretionary,52192946624.83607,0.03819797083752858
FTNT,Fortinet,Information Technology,64918059251.14334,2.3682926943939897
FTV,Fortive,Industrials,18089152737.05103,0.028062468539453427
FOXA,Fox Corporation (Class A),Communication Services,29731288266.148247,0.7840537954431215
FOX,Fox Corporation (Class B),Communication Services,28122904988.364563,0.6573392509897124
BEN,Franklin Resources,Financials,12179875374.396744,1.6045186837686458
FCX,Freeport-McMoRan,Materials,63511212434.48311,-0.6737014266437037
GRMN,Garmin,Consumer Discretionary,39341913419.01184,2.4666589809170283
IT,Gartner,Information Technology,17586381805.035553,0.1280656572043446
GE,GE Aerospace,Industrials,310202371522.3358,1.397795887970685
GEHC,GE HealthCare,Health Care,37734853054.70838,-1.1245302705984535
GEV,GE Vernova,Industrials,172693424386.41846,5.423862651475117
GEN,Gen Digital,Information Technology,16577328438.591246,-1.1401300742996106
GNRC,Generac,Industrials,9654702789.04538,3.361190026425113
GD,General Dynamics,Industrials,92437914148.66193,1.2216058467955775
GIS,General Mills,Consumer Staples,24608917798.515884,-0.3787862211485657
GM,General Motors,Consumer Discretionary,72476922601.125,1.9145806111033479
GPC,Genuine Parts Company,Consumer Discretionary,18116359820.655823,0.5870043250717211
GILD,Gilead Sciences,Health Care,153568467325.17657,-0.98800048828125
GPN,Global Payments,Financials,19367325716.20688,-0.16257785756179777
GL,Globe Life,Financials,10687606737.60254,0.8561344247686455
GDDY,GoDaddy,Information Technology,18077289294.290894,0.3766954845222649
GS,Goldman Sachs,Financials,253547077914.01483,0.1183391976412707
HAL,Halliburton,Energy,23638393630.916893,1.1861341878255327
HIG,Hartford (The),Financials,37367711366.264404,-0.10523105585802078
HAS,Hasbro,Consumer Discretionary,11504829616.642067,-0.5941528513601174
HCA,HCA Healthcare,Health Care,114785251495.69702,0.7763215136047011
DOC,Healthpeak Properties,Real Estate,12005257927.222681,-0.08676284674802039
HSIC,Henry Schein,Health Care,8903525632.53093,0.7409453016987023
HSY,Hershey Company (The),Consumer Staples,36689910638.21741,0.10518874841946556
HPE,Hewlett Packard Enterprise,Information Technology,30182420168.25,2.7628021778733682
HLT,Hilton Worldwide,Consumer Discretionary,64416043337.218994,-2.267692224594747
HOLX,Hologic,Health Care,16736838840.304169,0.09998259712882121
HD,Home Depot (The),Consumer Discretionary,352500658077.978,-1.0673094591189713
HON,Honeywell,Industrials,129841885574.37103,-0.47805666738963265
HRL,Hormel Foods,Consumer Staples,13175212420.55345,2.9437019873965813
HST,Host Hotels & Resorts,Real Estate,12026392484.778458,-2.236695703151748
HWM,Howmet Aerospace,Industrials,78795412254.3335,0.7591775976559785
HPQ,HP Inc.,Information Technology,24111134875.590836,1.905516205080483
HUBB,Hubbell Incorporated,Industrials,23294938430.546387,2.017050294865599
HUM,Humana,Health Care,30676848430.44458,-0.7239669048451939
HBAN,Huntington Bancshares,Financials,26976376672.1326,0.557507677525569
HII,Huntington Ingalls Industries,Industrials,12454642913.307129,2.6371951264644324
IBM,IBM,Information Technology,287122625778.39606,1.4638796997091241
IEX,IDEX Corporation,Industrials,13431191447.257233,0.1061633569711412
IDXX,Idexx Laboratories,Health Care,57478572552.68396,-1.0317785888370397
ITW,Illinois Tool Works,Industrials,72771518745.42236,-0.15597480407949876
INCY,Incyte,Health Care,19651902270.73533,-1.3793118481565578
IR,Ingersoll Rand,Industrials,31742544341.289825,0.13166565132739028
PODD,Insulet Corporation,Health Care,22207704093.156586,2.5763420699443524
INTC,Intel,Information Technology,196953304367.06543,-5.6702391098713925
IBKR,Interactive Brokers,Financials,112263876235.6593,1.6625644185282011
ICE,Intercontinental Exchange,Financials,90164191845.44167,0.42281971515241956
IFF,International Flavors & Fragrances,Materials,16981582600.808273,-1.2812881036351813
IP,International Paper,Materials,20756552459.928215,0.2264113212274571
INTU,Intuit,Information Technology,182287973437.5,1.0946805421883565
ISRG,Intuitive Surgical,Health Care,203458719570.64178,-0.3765107596006012
IVZ,Invesco,Financials,11289573176.98035,3.79254271241092
INVH,Invitation Homes,Real Estate,16897912863.173315,-0.343453773964429
IQV,IQVIA,Health Care,37959868960.57129,-1.9098800791088018
IRM,Iron Mountain,Real Estate,25065989738.86754,0.616996060741134
JBHT,J.B. Hunt,Industrials,18344431400.085663,0.8461027848995476
JBL,Jabil,Information Technology,23542264408.938354,2.4842277730487377
JKHY,Jack Henry & Associates,Financials,13033229957.631317,1.896324445180638
J,Jacobs Solutions,Industrials,16884347910.602615,1.290282274957602
JNJ,Johnson & Johnson,Health Care,487605175983.6167,-1.4342800847203514
JCI,Johnson Controls,Industrials,75201973681.50447,0.6084745993666174
JPM,JPMorgan Chase,Financials,870847079128.1312,0.0
K,Kellanova,Consumer Staples,28930598632.25306,0.012030474264971058
KVUE,Kenvue,Consumer Staples,32652973534.507675,0.26517429649235535
KDP,Keurig Dr Pepper,Consumer Staples,38699241144.83833,0.0
KEY,KeyCorp,Financials,20937969192.787323,1.8399963378906248
KEYS,Keysight Technologies,Information Technology,35780470517.33635,0.7695640739526541
KMB,Kimberly-Clark,Consumer Staples,34982855753.54046,-0.6595655953620067
KIM,Kimco Realty,Real Estate,13777534312.44201,-0.31847395660739775
KMI,Kinder Morgan,Energy,61314395160.24977,1.4354044481167128
KKR,KKR & Co.,Financials,118045790487.27727,0.7985408602383389
KLAC,KLA Corporation,Information Technology,158633773484.10437,-0.5859274261140912
KHC,Kraft Heinz,Consumer Staples,29348740171.610756,-0.938875764701615
KR,Kroger,Consumer Staples,41775235091.18002,-4.853470671661039
LHX,L3Harris,Industrials,52977763970.00162,1.9514703025518998
LH,Labcorp,Health Care,21797960797.11914,-1.2981683023242783
LRCX,Lam Research,Information Technology,197578531527.92358,-1.9217573234546166
LW,Lamb Weston,Consumer Staples,8333412448.680782,-1.1406884150440961
LVS,Las Vegas Sands,Consumer Discretionary,45518737004.25787,-0.852272305969762
LDOS,Leidos,Industrials,24920474666.6783,3.125662976723788
LEN,Lennar,Consumer Discretionary,32021018091.11679,-2.610235090560159
LII,Lennox International,Industrials,17892484319.92868,1.5599663287990817
LLY,Lilly (Eli),Health Care,909885663740.8989,-1.8150924704178284
LIN,Linde plc,Materials,188902554665.45398,-1.5385513880146582
LYV,Live Nation Entertainment,Communication Services,32141241364.482956,1.7866392417567365
LKQ,LKQ Corporation,Consumer Discretionary,7448638104.699127,-1.3462864884437686
LMT,Lockheed Martin,Industrials,104245652899.73828,-0.06378092039324236
L,Loews Corporation,Financials,21852370396.74244,-0.37825203392804374
LOW,Lowe's,Consumer Discretionary,138442821299.48798,-0.0485928225484538
LULU,Lululemon Athletica,Consumer Discretionary,22125602170.420944,1.294569704248179
LYB,LyondellBasell,Materials,14191379031.873917,-4.214639752677001
MTB,M&T Bank,Financials,30720979345.414764,0.49071790171103097
MPC,Marathon Petroleum,Energy,58175804929.780106,1.0162081645922618
MAR,Marriott International,Consumer Discretionary,80508473475.6435,-3.274093834911692
MMC,Marsh McLennan,Financials,90095019419.60847,-0.3099973245044192
MLM,Martin Marietta Materials,Materials,37106984351.72882,-0.1542553159860438
MAS,Masco,Industrials,13558389514.608978,0.18569345726907593
MA,Mastercard,Financials,490331517986.0962,-2.047019546946798
MTCH,Match Group,Communication Services,8101747282.567688,0.11893279678780494
MKC,McCormick & Company,Consumer Staples,17063324890.630508,-0.8421723212669839
MCD,McDonald's,Consumer Discretionary,219882872400.37946,0.1364667663257543
MCK,McKesson Corporation,Health Care,100950371133.67163,0.7735550748750567
MDT,Medtronic,Health Care,131134658326.9166,0.2647804646800263
MRK,Merck & Co.,Health Care,253874684143.1541,-0.5964535063846479
META,Meta Platforms,Communication Services,1681141447418.0054,4.280801427131025
MET,MetLife,Financials,51915260529.108765,0.7160370144234038
MTD,Mettler Toledo,Health Care,29496691226.40625,-0.20455080451063282
MGM,MGM Resorts,Consumer Discretionary,9626059072.332458,-0.9707406072474094
MCHP,Microchip Technology,Information Technology,35169576073.23715,2.3030912181004117
MU,Micron Technology,Information Technology,256979238266.65714,-2.4705344942072514
MSFT,Microsoft,Information Technology,3557439070104.5415,0.1739462946085528
MAA,Mid-America Apartment Communities,Real Estate,16005286674.634796,-0.8753385784757386
MRNA,Moderna,Health Care,10077020830.167328,2.5019823396789413
MHK,Mohawk Industries,Consumer Discretionary,7013449943.02961,-2.0223954948097136
MOH,Molina Healthcare,Health Care,8151679669.189453,0.8786622783361215
TAP,Molson Coors Beverage Company,Consumer Staples,9080946111.65831,-0.6920490871662418
MDLZ,Mondelez International,Consumer Staples,72305799340.90346,-0.26753262951724704
MPWR,Monolithic Power Systems,Information Technology,45440675475.40283,-0.9917878212561002
MNST,Monster Beverage,Consumer Staples,71747550611.6543,-0.74333752972386
MCO,Moody's Corporation,Financials,88048951601.05096,-0.22357392770111045
MS,Morgan Stanley,Financials,279310869175.97205,0.7512046204301588
MOS,Mosaic Company (The),Materials,7689205941.406496,0.06196322827079972
MSI,Motorola Solutions,Information Technology,62216543329.065735,-0.5989223929602189
MSCI,MSCI Inc.,Financials,41938922860.91968,-0.6360383310091061
NDAQ,"Nasdaq, Inc.",Financials,51440284661.26251,1.5049827323615819
NTAP,NetApp,Information Technology,23165714420.536972,1.2122792126752544
NFLX,Netflix,Communication Services,433838359320.1842,-1.5438589281199626
NEM,Newmont,Materials,99497578192.40152,1.0373678631866188
NWSA,News Corp (Class A),Communication Services,14958813703.502438,0.16197539236647124
NWS,News Corp (Class B),Communication Services,16326761047.413568,0.8617717960274419
NEE,NextEra Energy,Utilities,173981214908.0461,-1.6597952717690119
NKE,"Nike, Inc.",Consumer Discretionary,97694322667.33493,0.6626009877886692
NI,NiSource,Utilities,19892329284.305447,0.3701021378790776
NDSN,Nordson Corporation,Industrials,13504790733.285324,0.16555776793823884
NSC,Norfolk Southern,Industrials,66198537282.155,0.31287654001949056
NTRS,Northern Trust,Financials,25411243868.860016,0.8701527425986908
NOC,Northrop Grumman,Industrials,79814488607.55652,0.7427863256631253
NCLH,Norwegian Cruise Line Holdings,Consumer Discretionary,8515591297.01161,-0.7169422699353133
NRG,NRG Energy,Utilities,32778785175.04872,1.6609635682124215
NUE,Nucor,Materials,37223859489.5076,-1.2506907494463582
NVDA,Nvidia,Information Technology,4475343864440.918,2.291333357689847
NVR,"NVR, Inc.",Consumer Discretionary,20840780727.765625,-1.782621876703232
NXPI,NXP Semiconductors,Information Technology,56772424459.56085,-0.9623846303840607
ORLY,O’Reilly Automotive,Consumer Discretionary,84353656906.1765,1.1205716668691166
OXY,Occidental Petroleum,Energy,42013510170.21833,0.4475821514586656
ODFL,Old Dominion,Industrials,32184096658.141937,1.3580676337878421
OMC,Omnicom Group,Communication Services,22465772875.690323,-0.2957733584121919
ON,ON Semiconductor,Information Technology,22857556219.152084,-2.204728088519664
OKE,Oneok,Energy,47641353150.625305,1.0154867847149678
ORCL,Oracle Corporation,Information Technology,604681316689.0345,2.1085086279775225
OTIS,Otis Worldwide,Industrials,34049187500.684586,-0.2127963915264054
PCAR,Paccar,Industrials,57223641896.5229,0.3823483619189607
PKG,Packaging Corporation of America,Materials,17813999073.909164,0.015154725819328382
PLTR,Palantir Technologies,Information Technology,424323168344.6718,1.0960885141477
PANW,Palo Alto Networks,Information Technology,133221023859.28397,0.5900437960253863
PSKY,Paramount Skydance Corporation,Communication Services,16166913028.342613,-0.10225182852584835
PH,Parker Hannifin,Industrials,111071526722.72607,0.9813585068941567
PAYX,Paychex,Industrials,40570867948.53074,-0.5820584145581148
PAYC,Paycom,Industrials,9381349306.4133,1.3368965610605636
PYPL,PayPal,Financials,58626986939.32417,0.2044388648373188
PNR,Pentair,Industrials,17360320260.539246,-0.5353617810547955
PEP,PepsiCo,Consumer Staples,200638268424.29205,-1.0333640446612788
PFE,Pfizer,Health Care,145355116603.37543,0.0
PCG,PG&E Corporation,Utilities,33748913569.751453,0.8207485473216591
PM,Philip Morris International,Consumer Staples,228514573103.68445,-3.2364402114686426
PSX,Phillips 66,Energy,56476366033.75,-0.07150954533502232
PNW,Pinnacle West Capital,Utilities,10586017303.028389,-0.1974757913946941
PNC,PNC Financial Services,Financials,78159097722.05823,0.459597809146149
POOL,Pool Corporation,Consumer Discretionary,9077232470.91394,-1.1139077493968101
PPG,PPG Industries,Materials,22718962826.538086,-0.6710012831597107
PPL,PPL Corporation,Utilities,25454424967.69476,-1.1490994257352114
PFG,Principal Financial Group,Financials,19231600005.7612,0.45380425712035377
PG,Procter & Gamble,Consumer Staples,340177833262.4277,-0.9338220389073622
PGR,Progressive Corporation,Financials,133954282568.35938,0.552427556683468
PLD,Prologis,Real Estate,119164341193.71033,-0.6966554209035131
PRU,Prudential Financial,Financials,39030472804.82231,1.213837578496875
PEG,Public Service Enterprise Group,Utilities,40528806928.990295,0.8132589667882627
PTC,PTC Inc.,Information Technology,21402762834.55269,0.7301111826099523
PSA,Public Storage,Real Estate,48711162918.104004,-0.22821554919137468
PHM,PulteGroup,Consumer Discretionary,25405021995.689117,-1.200799830751898
PWR,Quanta Services,Industrials,69452216985.32983,0.0
QCOM,Qualcomm,Information Technology,188015750000.0,-0.4626793759611372
DGX,Quest Diagnostics,Health Care,20652111928.078552,0.0
Q,Qnity Electronics,Information Technology,17396965641.593094,3.456653672240142
RL,Ralph Lauren Corporation,Consumer Discretionary,21700864983.58911,-0.08935008506833628
RJF,Raymond James Financial,Financials,32455723369.891357,2.512756257867108
RTX,RTX Corporation,Industrials,230190427588.901,1.9204515695809399
O,Realty Income,Real Estate,53382130420.01816,-0.10329036518059397
REG,Regency Centers,Real Estate,12734476288.315132,-1.0437565505451187
REGN,Regeneron Pharmaceuticals,Health Care,76969841957.55121,0.35190500083118204
RF,Regions Financial Corporation,Financials,23708544218.99681,1.3931288568299023
RSG,Republic Services,Industrials,66920337715.43152,-0.4782461822207083
RMD,ResMed,Health Care,36841891714.692444,0.38179742513398773
RVTY,Revvity,Health Care,12004806940.725403,0.15979170260877854
HOOD,Robinhood Markets,Financials,122649356243.38669,2.052160990044679
ROK,Rockwell Automation,Industrials,45479713991.0,1.0315470522719006
ROL,"Rollins, Inc.",Industrials,29104797879.54523,-0.2309458794378186
ROP,Roper Technologies,Information Technology,47856140747.690125,-0.28818848144032505
ROST,Ross Stores,Consumer Discretionary,58249625014.84601,0.053371472305126406
RCL,Royal Caribbean Group,Consumer Discretionary,70698108198.06738,-2.457011344106635
SPGI,S&P Global,Financials,152205792599.4873,-0.267062383379605
CRM,Salesforce,Information Technology,235745871459.96094,3.299304035077829
SNDK,Sandisk,Information Technology,31290568443.249344,9.862124543366736
SBAC,SBA Communications,Real Estate,20205410495.040894,1.2117029555006007
SLB,Schlumberger,Energy,56873672328.54069,1.358194797849994
STX,Seagate Technology,Information Technology,57906034246.1629,2.748670113456674
SRE,Sempra,Utilities,58969774426.437035,-0.407806384759442
NOW,ServiceNow,Information Technology,173751963707.2754,0.220910765563598
SHW,Sherwin-Williams,Materials,84401823234.05566,-0.2151811371783348
SPG,Simon Property Group,Real Estate,68821416546.20558,0.08227860338641321
SWKS,Skyworks Solutions,Information Technology,10328783664.453857,0.14415232832900648
SJM,J.M. Smucker Company (The),Consumer Staples,10703574852.079475,-0.03985742854132455
SW,Smurfit Westrock,Materials,19239955855.74948,1.9933589202505406
SNA,Snap-on,Industrials,18287433904.74411,1.8121595808614352
SOLS,Solstice Advanced Materials,Materials,7484015535.525879,-0.8826970559390033
SOLV,Solventum,Health Care,14806350332.781044,0.13489485486162023
SO,Southern Company,Utilities,96467795967.29106,-0.42623321856289376
LUV,Southwest Airlines,Industrials,18830605101.638145,0.4904687095396726
SWK,Stanley Black & Decker,Industrials,11159462128.871399,-0.661789239787046
SBUX,Starbucks,Consumer Discretionary,97153826776.12305,-1.9285963648313205
STT,State Street Corporation,Financials,34619342359.98221,0.9346544575320708
STLD,Steel Dynamics,Materials,24637631509.527588,-2.4081661124271134
STE,Steris,Health Care,25624302545.69571,0.3276816204763778
SYK,Stryker Corporation,Health Care,139076013203.24316,-0.6230355795170726
SMCI,Supermicro,Information Technology,20370266723.343327,1.336106766217277
SYF,Synchrony Financial,Financials,29935749971.45114,1.6677191021817368
SNPS,Synopsys,Information Technology,88622855794.0091,-0.26798730671840776
SYY,Sysco,Consumer Staples,35167557121.734375,0.10905374916722498
TMUS,T-Mobile US,Communication Services,233642614783.28613,-0.4340313669075488
TROW,T. Rowe Price,Financials,23245873274.117706,0.6282684564889216
TTWO,Take-Two Interactive,Communication Services,45229237474.99951,-0.07144439842340171
TPR,"Tapestry, Inc.",Consumer Discretionary,23768372480.206932,2.591137931847801
TRGP,Targa Resources,Energy,38588204476.7522,2.0487173221641637
TGT,Target Corporation,Consumer Staples,41348051811.29954,0.03299469852730529
TEL,TE Connectivity,Information Technology,68835293390.4961,1.2521660968090818
TDY,Teledyne Technologies,Information Technology,24301362622.220764,2.7045867988521812
TER,Teradyne,Information Technology,31743123796.053894,2.334935735609647
TSLA,"Tesla, Inc.",Consumer Discretionary,1494644123011.4863,0.6491526340726848
TXN,Texas Instruments,Information Technology,164353816482.81342,-1.0241020336639293
TPL,Texas Pacific Land Corporation,Energy,20942256200.238464,-0.3685583526592651
TXT,Textron,Industrials,14877469161.84288,-0.25686540708427136
TMO,Thermo Fisher Scientific,Health Care,215537136722.7555,-1.1610191404016763
TJX,TJX Companies,Consumer Discretionary,167630829241.34875,0.3731824388275686
TKO,TKO Group Holdings,Communication Services,16226551912.14148,1.3622364609754696
TTD,Trade Desk (The),Communication Services,19244791622.267044,1.9425019117946367
TSCO,Tractor Supply,Consumer Discretionary,28583993116.54892,0.04623918257817096
TT,Trane Technologies,Industrials,90820756081.0198,-0.22368018396339232
TDG,TransDigm Group,Industrials,76687950311.95801,1.7635949079755777
TRV,Travelers Companies (The),Financials,63937447743.75183,-0.0958565679140402
TRMB,Trimble Inc.,Information Technology,19720499473.381638,0.64368038895274
TFC,Truist Financial,Financials,61609210705.24246,0.7591746610132132
TYL,Tyler Technologies,Information Technology,20198074530.91931,1.0912888846540074
TSN,Tyson Foods,Consumer Staples,20028758364.084663,-0.08805783398286651
USB,U.S. Bancorp,Financials,79964792430.39267,0.9031986682040303
UBER,Uber,Industrials,188688688805.092,-0.2076544836701258
UDR,"UDR, Inc.",Real Estate,13331477734.202328,-0.9510493778682256
ULTA,Ulta Beauty,Consumer Discretionary,24228378260.629517,-1.0061743561784362
UNP,Union Pacific Corporation,Industrials,140697761060.61664,0.8374787469642807
UAL,United Airlines Holdings,Industrials,34560648126.52206,-1.590160444445976
UPS,United Parcel Service,Industrials,81487439373.01738,-2.191122355338063
URI,United Rentals,Industrials,51925298275.65674,-0.814829789652018
UNH,UnitedHealth Group,Health Care,302124353822.83997,-1.8191966180654617
UHS,Universal Health Services,Health Care,14766403899.236847,0.8190353315728652
VLO,Valero Energy,Energy,54798965921.93222,-0.36713309464525534
VTR,Ventas,Real Estate,38041313038.34216,1.2312507629394531
VLTO,Veralto,Industrials,25592007273.375664,0.8905813564268987
VRSN,Verisign,Information Technology,23225112755.14792,-0.5201260458747791
VRSK,Verisk Analytics,Industrials,31264019881.36676,-0.3162827283460357
VZ,Verizon,Communication Services,173737819994.75067,1.315475009088866
VRTX,Vertex Pharmaceuticals,Health Care,117583289226.1224,-1.0396654051003686
VTRS,Viatris,Health Care,12410176202.231777,-0.8330309845613855
VICI,Vici Properties,Real Estate,29932061547.872803,-1.0777328835674833
V,Visa Inc.,Financials,629835645252.0,-1.5366560932387465
VST,Vistra Corp.,Utilities,60019547091.79733,3.1937673378163565
VMC,Vulcan Materials Company,Materials,38535316337.09152,-0.28025815457879977
WRB,W. R. Berkley Corporation,Financials,26897898231.826965,-1.2072544945544865
GWW,W. W. Grainger,Industrials,46605106378.84473,0.32795807556617124
WAB,Wabtec,Industrials,36735280962.431885,0.6699498500892759
WMT,Walmart,Consumer Staples,909647969294.4006,-0.3802160423602429
DIS,Walt Disney Company (The),Communication Services,188747099928.8645,-0.6998277650080056
WBD,Warner Bros. Discovery,Communication Services,60375848344.62164,-0.81399616636117
WM,Waste Management,Industrials,86495554620.24733,-0.6708290488949079
WAT,Waters Corporation,Health Care,23638863719.051514,-0.1408373737414051
WEC,WEC Energy Group,Utilities,34699137265.208435,-0.5778756093684613
WFC,Wells Fargo,Financials,289478958098.36127,1.1247956351152988
WELL,Welltower,Real Estate,140282023281.29474,1.225735997404676
WST,West Pharmaceutical Services,Health Care,20290560466.884644,-0.8001807590376836
WDC,Western Digital,Information Technology,54957563123.15616,3.049688596734684
WY,Weyerhaeuser,Real Estate,15498055949.718475,-1.7823548716621291
WSM,"Williams-Sonoma, Inc.",Consumer Discretionary,21260510384.80478,-0.14018167832993517
WMB,Williams Companies,Energy,76839088875.52147,2.217711934015591
WTW,Willis Towers Watson,Financials,31221210081.365723,1.1215328110003273
WDAY,"Workday, Inc.",Information Technology,57419683044.43359,0.10007277115779153
WYNN,Wynn Resorts,Consumer Discretionary,12895169149.597687,-5.694516789540542
XEL,Xcel Energy,Utilities,46069115896.52749,-0.6505959181035733
XYL,Xylem Inc.,Industrials,34242098138.78267,-0.17566722951659997
YUM,Yum! Brands,Consumer Discretionary,40580348883.563324,-1.5923817836858152
ZBRA,Zebra Technologies,Information Technology,13419555939.94629,1.7698406917443326
ZBH,Zimmer Biomet,Health Care,18306030779.671898,-0.7840985386718118
ZTS,Zoetis,Health Care,53465653791.582275,-1.5746106795962402
